user_id,product_id,category,brand,ratings,image,price
user_1,prod_1,Speaker,HP,5,https://m.media-amazon.com/images/I/812O+P4b9fL._AC_UL320_.jpg,152
user_2,prod_2,Tablet,Dell,2,https://m.media-amazon.com/images/I/715Fai93PrL._AC_UY218_.jpg,485
user_3,prod_3,Printer,LG,1,https://example.com/image_3.jpg,398
user_4,prod_4,Speaker,Samsung,2,https://m.media-amazon.com/images/I/71o5w0ZfptL._AC_UL320_.jpg,320
user_5,prod_5,Tablet,LG,5,https://m.media-amazon.com/images/I/619zbkN+w4L._AC_UY218_.jpg,156
user_6,prod_6,Smartwatch,Bose,1,https://example.com/image_6.jpg,121
user_7,prod_7,Camera,HP,1,https://m.media-amazon.com/images/I/713wTi5z5+L._AC_UY218_.jpg,238
user_8,prod_8,Camera,Canon,2,https://m.media-amazon.com/images/I/81a8ZMB-nNL._AC_UY218_.jpg,70
user_9,prod_9,Television,Dell,5,https://m.media-amazon.com/images/I/61TmH-vgsJL._AC_UY218_.jpg,152
user_10,prod_10,Smartphone,Apple,1,https://example.com/image_10.jpg,171
user_11,prod_11,Printer,Bose,1,https://example.com/image_11.jpg,264
user_12,prod_12,Smartphone,Bose,4,https://example.com/image_12.jpg,380
user_13,prod_13,Tablet,Bose,2,https://m.media-amazon.com/images/I/71KGVpmqhXL._AC_UY218_.jpg,137
user_14,prod_14,Camera,Samsung,1,https://m.media-amazon.com/images/I/610Aif0r4EL._AC_UY218_.jpg,422
user_15,prod_15,Tablet,Sony,4,https://m.media-amazon.com/images/I/714HglKV+fL._AC_UY218_.jpg,149
user_16,prod_16,Headphone,Canon,5,https://example.com/image_16.jpg,409
user_17,prod_17,Laptop,Samsung,1,https://m.media-amazon.com/images/I/61gKkYQn6lL._AC_UY218_.jpg,201
user_18,prod_18,Television,LG,2,https://m.media-amazon.com/images/I/71aKkhuMCIL._AC_UY218_.jpg,180
user_19,prod_19,Headphone,Bose,3,https://example.com/image_19.jpg,199
user_20,prod_20,Tablet,Asus,5,https://m.media-amazon.com/images/I/714HglKV+fL._AC_UY218_.jpg,358
user_21,prod_21,Printer,Bose,2,https://example.com/image_21.jpg,307
user_22,prod_22,Camera,HP,5,https://m.media-amazon.com/images/I/61aSnPk3IoL._AC_UY218_.jpg,393
user_23,prod_23,Television,Apple,1,https://example.com/image_23.jpg,463
user_24,prod_24,Laptop,Apple,4,https://m.media-amazon.com/images/I/71S1jwlXRqL._AC_UL320_.jpg,343
user_25,prod_25,Speaker,Bose,1,https://m.media-amazon.com/images/I/51KZcUQIyiS._AC_SL1080_.jpg,435
user_26,prod_26,Smartwatch,Canon,1,https://example.com/image_26.jpg,241
user_27,prod_27,Camera,Canon,3,https://m.media-amazon.com/images/I/51zyWbhy2iL._AC_UY218_.jpg,493
user_28,prod_28,Laptop,LG,5,https://m.media-amazon.com/images/I/51PsNbMd-CL._AC_UY218_.jpg,326
user_29,prod_29,Headphone,Apple,4,https://example.com/image_29.jpg,210
user_30,prod_30,Television,Bose,3,https://m.media-amazon.com/images/I/61S9RZFpo6L._AC_UY218_.jpg,363
user_31,prod_31,Smartphone,Canon,4,https://example.com/image_31.jpg,71
user_32,prod_32,Headphone,Samsung,4,https://example.com/image_32.jpg,302
user_33,prod_33,Printer,Lenovo,2,https://example.com/image_33.jpg,285
user_34,prod_34,Television,Bose,3,https://m.media-amazon.com/images/I/81R3dLptKcL._AC_UY218_.jpg,394
user_35,prod_35,Router,Dell,1,https://example.com/image_35.jpg,98
user_36,prod_36,Printer,HP,3,https://example.com/image_36.jpg,108
user_37,prod_37,Smartphone,Sony,2,https://example.com/image_37.jpg,219
user_38,prod_38,Laptop,Sony,3,https://m.media-amazon.com/images/I/61Uw0-2+2YL._AC_UY218_.jpg,237
user_39,prod_39,Headphone,HP,5,https://example.com/image_39.jpg,320
user_40,prod_40,Router,Apple,2,https://example.com/image_40.jpg,239
user_41,prod_41,Router,Samsung,2,https://example.com/image_41.jpg,495
user_42,prod_42,Television,Apple,4,https://m.media-amazon.com/images/I/81PQsxaQyLL._AC_UY218_.jpg,224
user_43,prod_43,Printer,Apple,1,https://example.com/image_43.jpg,495
user_44,prod_44,Headphone,Asus,4,https://example.com/image_44.jpg,100
user_45,prod_45,Television,Apple,5,https://m.media-amazon.com/images/I/61gROjlxjgL._AC_UY218_.jpg,413
user_46,prod_46,Tablet,Dell,2,https://m.media-amazon.com/images/I/61lCY1Bh0TL._AC_UY218_.jpg,104
user_47,prod_47,Printer,Apple,3,https://example.com/image_47.jpg,293
user_48,prod_48,Laptop,Canon,3,https://m.media-amazon.com/images/I/71wKJVtV-+L._AC_UY218_.jpg,369
user_49,prod_49,Router,Asus,5,https://example.com/image_49.jpg,180
user_50,prod_50,Tablet,Sony,5,https://m.media-amazon.com/images/I/71gO-O3zt-L._AC_UY218_.jpg,356
user_51,prod_51,Television,Apple,4,https://m.media-amazon.com/images/I/71nJIpQzPDL._AC_UY218_.jpg,184
user_52,prod_52,Laptop,Apple,3,https://m.media-amazon.com/images/I/61IpRGnny7L._AC_UY218_.jpg,70
user_53,prod_53,Tablet,Bose,3,https://m.media-amazon.com/images/I/61goypdjAYL._AC_UY218_.jpg,378
user_54,prod_54,Tablet,Asus,3,https://m.media-amazon.com/images/I/61NGnpjoRDL._AC_UY218_.jpg,216
user_55,prod_55,Smartwatch,Dell,1,https://example.com/image_55.jpg,323
user_56,prod_56,Camera,Apple,2,https://m.media-amazon.com/images/I/514-m4zj-nL._AC_UY218_.jpg,437
user_57,prod_57,Smartphone,Lenovo,1,https://example.com/image_57.jpg,138
user_58,prod_58,Camera,LG,3,https://example.com/image_58.jpg,365
user_59,prod_59,Speaker,LG,1,https://m.media-amazon.com/images/I/81l7mB5LhsL._AC_UL320_.jpg,63
user_60,prod_60,Printer,Bose,1,https://example.com/image_60.jpg,291
user_61,prod_61,Tablet,Canon,4,https://m.media-amazon.com/images/I/71CZ14Ul0dL._AC_UY218_.jpg,314
user_62,prod_62,Headphone,Lenovo,5,https://example.com/image_62.jpg,395
user_63,prod_63,Camera,Canon,3,https://m.media-amazon.com/images/I/61drkAcYg2L._AC_UY218_.jpg,102
user_64,prod_64,Camera,Samsung,1,https://m.media-amazon.com/images/I/71v4AAKIVRL._AC_UY218_.jpg,435
user_65,prod_65,Headphone,Asus,4,https://example.com/image_65.jpg,389
user_66,prod_66,Laptop,Dell,2,https://m.media-amazon.com/images/I/611rYKu13DL._AC_UY218_.jpg,141
user_67,prod_67,Smartphone,LG,2,https://example.com/image_67.jpg,416
user_68,prod_68,Router,Canon,4,https://example.com/image_68.jpg,493
user_69,prod_69,Laptop,Canon,5,https://m.media-amazon.com/images/I/616aCuRtnpL._AC_UY218_.jpg,477
user_70,prod_70,Television,HP,5,https://m.media-amazon.com/images/I/6166k9DjlZL._AC_UY218_.jpg,313
user_71,prod_71,Printer,Lenovo,3,https://example.com/image_71.jpg,480
user_72,prod_72,Headphone,Samsung,4,https://example.com/image_72.jpg,84
user_73,prod_73,Tablet,Lenovo,4,https://m.media-amazon.com/images/I/61qr9oB8DTL._AC_UY218_.jpg,255
user_74,prod_74,Tablet,Canon,4,https://m.media-amazon.com/images/I/71dkBDroLyL._AC_UY218_.jpg,130
user_75,prod_75,Headphone,Dell,2,https://example.com/image_75.jpg,469
user_76,prod_76,Router,Sony,1,https://example.com/image_76.jpg,99
user_77,prod_77,Headphone,Sony,1,https://example.com/image_77.jpg,409
user_78,prod_78,Router,Apple,3,https://example.com/image_78.jpg,437
user_79,prod_79,Headphone,LG,3,https://example.com/image_79.jpg,51
user_80,prod_80,Printer,Dell,5,https://example.com/image_80.jpg,439
user_81,prod_81,Speaker,Samsung,3,https://m.media-amazon.com/images/I/71DVfwSDN-L._AC_UY218_.jpg,103
user_82,prod_82,Headphone,Samsung,2,https://example.com/image_82.jpg,155
user_83,prod_83,Router,Apple,3,https://example.com/image_83.jpg,309
user_84,prod_84,Tablet,Sony,3,https://example.com/image_84.jpg,359
user_85,prod_85,Speaker,Samsung,1,https://m.media-amazon.com/images/I/81l7mB5LhsL._AC_UY218_.jpg,240
user_86,prod_86,Smartphone,Lenovo,3,https://example.com/image_86.jpg,451
user_87,prod_87,Television,LG,4,https://m.media-amazon.com/images/I/7136L+hqOPL._AC_UY218_.jpg,267
user_88,prod_88,Television,Canon,2,https://example.com/image_88.jpg,93
user_89,prod_89,Laptop,Sony,4,https://m.media-amazon.com/images/I/71hhgeQCrOL._AC_UY218_.jpg,211
user_90,prod_90,Camera,Bose,5,https://m.media-amazon.com/images/I/71AK4ZCRJDL._AC_UY218_.jpg,251
user_91,prod_91,Headphone,Canon,5,https://example.com/image_91.jpg,495
user_92,prod_92,Router,Dell,1,https://example.com/image_92.jpg,319
user_93,prod_93,Smartwatch,Lenovo,5,https://example.com/image_93.jpg,400
user_94,prod_94,Smartwatch,LG,5,https://example.com/image_94.jpg,353
user_95,prod_95,Smartphone,Dell,2,https://example.com/image_95.jpg,320
user_96,prod_96,Router,LG,2,https://example.com/image_96.jpg,264
user_97,prod_97,Router,Apple,1,https://example.com/image_97.jpg,301
user_98,prod_98,Television,Canon,1,https://m.media-amazon.com/images/I/81OsEmGZ1dL._AC_UY218_.jpg,239
user_99,prod_99,Camera,Samsung,4,https://m.media-amazon.com/images/I/81-H8L-0pzL._AC_UY218_.jpg,345
user_100,prod_100,Television,LG,3,https://m.media-amazon.com/images/I/81OsEmGZ1dL._AC_UY218_.jpg,262
user_101,prod_101,Headphone,LG,5,https://example.com/image_101.jpg,257
user_102,prod_102,Printer,Sony,4,https://example.com/image_102.jpg,286
user_103,prod_103,Smartphone,Bose,3,https://example.com/image_103.jpg,387
user_104,prod_104,Camera,Bose,5,https://m.media-amazon.com/images/I/71uVAhs1gDL._AC_UY218_.jpg,416
user_105,prod_105,Smartwatch,Apple,4,https://example.com/image_105.jpg,102
user_106,prod_106,Camera,Sony,1,https://m.media-amazon.com/images/I/718Rc+uhlAL._AC_UL640_QL65_.jpg,329
user_107,prod_107,Printer,Bose,2,https://example.com/image_107.jpg,459
user_108,prod_108,Headphone,Canon,4,https://example.com/image_108.jpg,266
user_109,prod_109,Headphone,Bose,2,https://example.com/image_109.jpg,301
user_110,prod_110,Smartwatch,Asus,2,https://example.com/image_110.jpg,237
user_111,prod_111,Camera,Lenovo,5,https://m.media-amazon.com/images/I/718Rc+uhlAL._AC_UL640_QL65_.jpg,429
user_112,prod_112,Smartwatch,Samsung,3,https://example.com/image_112.jpg,90
user_113,prod_113,Television,Sony,5,https://m.media-amazon.com/images/I/91oC-O643oL._AC_UY218_.jpg,206
user_114,prod_114,Tablet,Apple,5,https://m.media-amazon.com/images/I/51R0QZhO-DL._AC_UY218_.jpg,64
user_115,prod_115,Laptop,Dell,5,https://m.media-amazon.com/images/I/51L0zsj2GwL._AC_UY218_.jpg,350
user_116,prod_116,Smartwatch,Sony,4,https://example.com/image_116.jpg,114
user_117,prod_117,Laptop,HP,5,https://m.media-amazon.com/images/I/71NqbSDPAYL._AC_UY218_.jpg,394
user_118,prod_118,Smartphone,Samsung,1,https://example.com/image_118.jpg,376
user_119,prod_119,Speaker,Sony,4,https://m.media-amazon.com/images/I/91CbEb08uYL._AC_UY218_.jpg,58
user_120,prod_120,Printer,Apple,4,https://example.com/image_120.jpg,393
user_121,prod_121,Printer,Samsung,5,https://example.com/image_121.jpg,178
user_122,prod_122,Router,Lenovo,5,https://example.com/image_122.jpg,185
user_123,prod_123,Tablet,Lenovo,1,https://m.media-amazon.com/images/I/61RgwAQcuML._AC_UY218_.jpg,112
user_124,prod_124,Smartphone,LG,2,https://example.com/image_124.jpg,188
user_125,prod_125,Speaker,HP,1,https://m.media-amazon.com/images/I/71l7SlmYKSL._AC_UY218_.jpg,130
user_126,prod_126,Smartwatch,Lenovo,2,https://example.com/image_126.jpg,441
user_127,prod_127,Router,Asus,5,https://example.com/image_127.jpg,212
user_128,prod_128,Speaker,LG,1,https://m.media-amazon.com/images/I/71fAeaUTNvL._AC_UY218_.jpg,468
user_129,prod_129,Smartwatch,Samsung,2,https://example.com/image_129.jpg,338
user_130,prod_130,Printer,Samsung,5,https://example.com/image_130.jpg,428
user_132,prod_132,Television,HP,3,https://m.media-amazon.com/images/I/71CIOyXWiGL._AC_UY218_.jpg,280
user_134,prod_134,Smartwatch,Bose,5,https://example.com/image_134.jpg,77
user_135,prod_135,Speaker,Samsung,4,https://m.media-amazon.com/images/I/810nGMz0r8L._AC_UY218_.jpg,184
user_136,prod_136,Headphone,Sony,2,https://example.com/image_136.jpg,250
user_137,prod_137,Smartwatch,Apple,3,https://example.com/image_137.jpg,377
user_138,prod_138,Smartphone,Bose,3,https://example.com/image_138.jpg,317
user_140,prod_140,Television,Bose,1,https://example.com/image_140.jpg,82
user_141,prod_141,Television,Dell,4,https://m.media-amazon.com/images/I/71CIOyXWiGL._AC_UY218_.jpg,97
user_142,prod_142,Laptop,Apple,1,https://example.com/image_142.jpg,456
user_143,prod_143,Laptop,HP,1,https://example.com/image_143.jpg,111
user_144,prod_144,Smartphone,Dell,2,https://example.com/image_144.jpg,265
user_145,prod_145,Television,Asus,2,https://m.media-amazon.com/images/I/71aKkhuMCIL._AC_UY218_.jpg,342
user_146,prod_146,Speaker,Asus,1,https://m.media-amazon.com/images/I/815nga8GBqL._AC_UY218_.jpg,148
user_147,prod_147,Television,Sony,5,https://example.com/image_147.jpg,221
user_148,prod_148,Smartphone,HP,3,https://example.com/image_148.jpg,409
user_149,prod_149,Smartwatch,Sony,1,https://example.com/image_149.jpg,263
user_150,prod_150,Camera,Samsung,3,https://m.media-amazon.com/images/I/71X6M+upg4L._AC_UY218_.jpg,84
user_151,prod_151,Smartphone,LG,4,https://example.com/image_151.jpg,498
user_152,prod_152,Router,Asus,5,https://example.com/image_152.jpg,276
user_154,prod_154,Headphone,Apple,5,https://example.com/image_154.jpg,480
user_155,prod_155,Printer,Lenovo,4,https://example.com/image_155.jpg,180
user_156,prod_156,Headphone,Samsung,2,https://example.com/image_156.jpg,306
user_157,prod_157,Laptop,Sony,5,https://m.media-amazon.com/images/I/61e9lwZE90L._AC_UY218_.jpg,54
user_158,prod_158,Television,Bose,5,https://m.media-amazon.com/images/I/71U2ioJtEJL._AC_UY218_.jpg,267
user_159,prod_159,Headphone,HP,1,https://example.com/image_159.jpg,304
user_164,prod_164,Camera,Apple,1,https://m.media-amazon.com/images/I/71RTbnyXR5L._AC_UY218_.jpg,256
user_165,prod_165,Smartwatch,Apple,2,https://example.com/image_165.jpg,64
user_166,prod_166,Smartwatch,LG,4,https://example.com/image_166.jpg,395
user_167,prod_167,Printer,Canon,2,https://example.com/image_167.jpg,91
user_168,prod_168,Laptop,LG,3,https://m.media-amazon.com/images/I/81Pz9RD1HJL._AC_UY218_.jpg,429
user_169,prod_169,Printer,LG,5,https://example.com/image_169.jpg,228
user_170,prod_170,Headphone,Apple,4,https://example.com/image_170.jpg,112
user_171,prod_171,Speaker,Dell,2,https://m.media-amazon.com/images/I/61TbugdYuUL._AC_UY218_.jpg,401
user_172,prod_172,Speaker,HP,3,https://m.media-amazon.com/images/I/81xvBmatFWL._AC_UY218_.jpg,280
user_173,prod_173,Tablet,Canon,4,https://m.media-amazon.com/images/I/61RgwAQcuML._AC_UY218_.jpg,290
user_174,prod_174,Headphone,Apple,2,https://example.com/image_174.jpg,101
user_175,prod_175,Smartphone,Samsung,4,https://example.com/image_175.jpg,145
user_176,prod_176,Smartwatch,Canon,5,https://example.com/image_176.jpg,437
user_177,prod_177,Printer,HP,3,https://example.com/image_177.jpg,271
user_178,prod_178,Smartwatch,HP,5,https://example.com/image_178.jpg,456
user_179,prod_179,Router,LG,1,https://example.com/image_179.jpg,280
user_180,prod_180,Television,Asus,2,https://m.media-amazon.com/images/I/71U2ioJtEJL._AC_UY218_.jpg,286
user_181,prod_181,Headphone,Asus,2,https://example.com/image_181.jpg,192
user_182,prod_182,Smartphone,Samsung,1,https://example.com/image_182.jpg,220
user_183,prod_183,Smartphone,Dell,3,https://example.com/image_183.jpg,78
user_184,prod_184,Headphone,Canon,4,https://example.com/image_184.jpg,85
user_185,prod_185,Speaker,Bose,4,https://m.media-amazon.com/images/I/71SpmZIIZ4L._AC_UY218_.jpg,62
user_186,prod_186,Laptop,Apple,1,https://m.media-amazon.com/images/I/81KeKtX4NSL._AC_UY218_.jpg,209
user_188,prod_188,Headphone,Apple,5,https://example.com/image_188.jpg,236
user_190,prod_190,Router,LG,3,https://example.com/image_190.jpg,135
user_191,prod_191,Headphone,Bose,4,https://example.com/image_191.jpg,333
user_192,prod_192,Speaker,LG,3,https://example.com/image_192.jpg,115
user_193,prod_193,Speaker,Sony,3,https://m.media-amazon.com/images/I/71PhFLta18L._AC_UY218_.jpg,219
user_194,prod_194,Speaker,Dell,3,https://m.media-amazon.com/images/I/813nBg0DT+L._AC_UY218_.jpg,94
user_196,prod_196,Router,Dell,2,https://example.com/image_196.jpg,490
user_197,prod_197,Smartphone,Dell,4,https://example.com/image_197.jpg,183
user_198,prod_198,Printer,Dell,5,https://example.com/image_198.jpg,333
user_199,prod_199,Headphone,Asus,3,https://example.com/image_199.jpg,77
user_201,prod_201,Headphone,Bose,2,https://example.com/image_201.jpg,93
user_202,prod_202,Tablet,Samsung,1,https://example.com/image_202.jpg,389
user_203,prod_203,Smartwatch,Samsung,5,https://example.com/image_203.jpg,335
user_204,prod_204,Headphone,Sony,3,https://example.com/image_204.jpg,495
user_205,prod_205,Smartphone,Dell,3,https://example.com/image_205.jpg,380
user_206,prod_206,Router,Apple,1,https://example.com/image_206.jpg,177
user_207,prod_207,Printer,Canon,1,https://example.com/image_207.jpg,397
user_208,prod_208,Television,Bose,2,https://m.media-amazon.com/images/I/71U2ioJtEJL._AC_UY218_.jpg ,280
user_209,prod_209,Television,LG,4,https://example.com/image_209.jpg,239
user_210,prod_210,Router,Asus,2,https://example.com/image_210.jpg,274
user_211,prod_211,Printer,Samsung,5,https://example.com/image_211.jpg,434
user_212,prod_212,Television,Dell,4,https://m.media-amazon.com/images/I/71U2ioJtEJL._AC_UY218_.jpg,426
user_215,prod_215,Router,Canon,2,https://example.com/image_215.jpg,170
user_217,prod_217,Television,Apple,3,https://m.media-amazon.com/images/I/71T3tmMx2FL._AC_UY218_.jpg,282
user_219,prod_219,Printer,Sony,4,https://example.com/image_219.jpg,408
user_220,prod_220,Smartphone,HP,1,https://example.com/image_220.jpg,247
user_222,prod_222,Smartphone,Canon,4,https://example.com/image_222.jpg,186
user_223,prod_223,Printer,Asus,4,https://example.com/image_223.jpg,367
user_224,prod_224,Smartphone,HP,4,https://example.com/image_224.jpg,214
user_225,prod_225,Camera,Lenovo,5,https://example.com/image_225.jpg,274
user_227,prod_227,Laptop,Sony,1,https://m.media-amazon.com/images/I/71fWEi9qSuL._AC_UY218_.jpg,283
user_228,prod_228,Laptop,Asus,1,https://m.media-amazon.com/images/I/71fWEi9qSuL._AC_UY218_.jpg,221
user_230,prod_230,Smartwatch,LG,1,https://example.com/image_230.jpg,364
user_232,prod_232,Smartphone,Dell,2,https://example.com/image_232.jpg,209
user_233,prod_233,Smartwatch,Canon,5,https://example.com/image_233.jpg,145
user_235,prod_235,Smartwatch,Samsung,5,https://example.com/image_235.jpg,229
user_236,prod_236,Router,Apple,2,https://example.com/image_236.jpg,162
user_237,prod_237,Smartwatch,Samsung,5,https://example.com/image_237.jpg,367
user_241,prod_241,Speaker,Lenovo,5,https://m.media-amazon.com/images/I/71NwDzr2-PL._AC_UY218_.jpg,344
user_242,prod_242,Tablet,Samsung,3,https://example.com/image_242.jpg,435
user_243,prod_243,Television,LG,2,https://m.media-amazon.com/images/I/81R3dLptKcL._AC_UY218_.jpg,436
user_244,prod_244,Printer,Apple,1,https://example.com/image_244.jpg,162
user_245,prod_245,Television,Canon,2,https://m.media-amazon.com/images/I/71p-XL3cnFL._AC_UY218_.jpg,150
user_246,prod_246,Speaker,Sony,3,https://m.media-amazon.com/images/I/71fAeaUTNvL._AC_UY218_.jpg,162
user_247,prod_247,Television,Lenovo,4,https://m.media-amazon.com/images/I/71XZNXTXb9L._AC_UY218_.jpg,489
user_248,prod_248,Printer,HP,5,https://example.com/image_248.jpg,130
user_251,prod_251,Headphone,Asus,2,https://example.com/image_251.jpg,51
user_252,prod_252,Camera,Samsung,2,https://m.media-amazon.com/images/I/71RTbnyXR5L._AC_UY218_.jpg,179
user_254,prod_254,Smartwatch,Asus,4,https://example.com/image_254.jpg,103
user_255,prod_255,Camera,HP,5,https://example.com/image_255.jpg,392
user_256,prod_256,Router,HP,5,https://example.com/image_256.jpg,273
user_257,prod_257,Headphone,LG,4,https://example.com/image_257.jpg,274
user_258,prod_258,Router,HP,2,https://example.com/image_258.jpg,434
user_260,prod_260,Headphone,Dell,3,https://example.com/image_260.jpg,175
user_262,prod_262,Tablet,Samsung,4,https://example.com/image_262.jpg,102
user_263,prod_263,Laptop,Canon,3,https://example.com/image_263.jpg,221
user_264,prod_264,Camera,Lenovo,4,https://m.media-amazon.com/images/I/51cKhMS3e2L._AC_UY218_.jpg,267
user_265,prod_265,Laptop,LG,4,https://m.media-amazon.com/images/I/61Twl6zrTCL._AC_UY218_.jpg,209
user_269,prod_269,Television,Apple,4,https://m.media-amazon.com/images/I/71XZNXTXb9L._AC_UY218_.jpg,373
user_270,prod_270,Headphone,Dell,2,https://example.com/image_270.jpg,488
user_271,prod_271,Router,Sony,5,https://example.com/image_271.jpg,252
user_273,prod_273,Router,LG,1,https://example.com/image_273.jpg,172
user_274,prod_274,Printer,Dell,5,https://example.com/image_274.jpg,450
user_275,prod_275,Router,HP,1,https://example.com/image_275.jpg,304
user_276,prod_276,Tablet,HP,1,https://m.media-amazon.com/images/I/61A9sul5dTL._AC_UY218_.jpg,343
user_277,prod_277,Headphone,Samsung,3,https://example.com/image_277.jpg,329
user_278,prod_278,Camera,Dell,5,https://m.media-amazon.com/images/I/51cKhMS3e2L._AC_UY218_.jpg,374
user_279,prod_279,Laptop,HP,5,https://m.media-amazon.com/images/I/71B-I2UVBZL._AC_UL320_.jpg,421
user_280,prod_280,Tablet,Samsung,3,https://m.media-amazon.com/images/I/91fgopN1ZIL._AC_UY218_.jpg,147
user_281,prod_281,Smartwatch,Lenovo,2,https://example.com/image_281.jpg,247
user_283,prod_283,Printer,HP,3,https://example.com/image_283.jpg,289
user_285,prod_285,Headphone,Bose,2,https://example.com/image_285.jpg,146
user_286,prod_286,Smartwatch,HP,3,https://example.com/image_286.jpg,250
user_288,prod_288,Smartphone,Apple,3,https://example.com/image_288.jpg,236
user_289,prod_289,Smartphone,LG,4,https://example.com/image_289.jpg,375
user_290,prod_290,Camera,Lenovo,2,https://m.media-amazon.com/images/I/51cKhMS3e2L._AC_UY218_.jpg,398
user_291,prod_291,Tablet,Apple,1,https://m.media-amazon.com/images/I/61A9sul5dTL._AC_UY218_.jpg,308
user_292,prod_292,Headphone,Bose,1,https://example.com/image_292.jpg,197
user_293,prod_293,Router,Lenovo,4,https://example.com/image_293.jpg,301
user_294,prod_294,Router,Samsung,2,https://example.com/image_294.jpg,492
user_295,prod_295,Printer,Dell,3,https://example.com/image_295.jpg,469
user_296,prod_296,Smartwatch,Asus,4,https://example.com/image_296.jpg,452
user_297,prod_297,Smartwatch,Asus,4,https://example.com/image_297.jpg,395
user_298,prod_298,Printer,Lenovo,4,https://example.com/image_298.jpg,500
user_299,prod_299,Printer,HP,3,https://example.com/image_299.jpg,196
user_300,prod_300,Router,HP,3,https://example.com/image_300.jpg,197
user_301,prod_301,Printer,Sony,5,https://example.com/image_301.jpg,401
user_303,prod_303,Printer,Dell,3,https://example.com/image_303.jpg,357
user_304,prod_304,Smartphone,Sony,5,https://example.com/image_304.jpg,466
user_309,prod_309,Smartphone,Asus,2,https://example.com/image_309.jpg,409
user_310,prod_310,Printer,Sony,3,https://example.com/image_310.jpg,178
user_311,prod_311,Printer,Apple,4,https://example.com/image_311.jpg,316
user_312,prod_312,Television,LG,4,https://example.com/image_312.jpg,490
user_313,prod_313,Laptop,Bose,5,https://example.com/image_313.jpg,483
user_314,prod_314,Smartwatch,Bose,3,https://example.com/image_314.jpg,200
user_315,prod_315,Smartphone,Asus,4,https://example.com/image_315.jpg,464
user_317,prod_317,Headphone,Sony,1,https://example.com/image_317.jpg,148
user_319,prod_319,Printer,Asus,2,https://example.com/image_319.jpg,301
user_321,prod_321,Smartphone,Canon,3,https://example.com/image_321.jpg,395
user_323,prod_323,Router,Bose,1,https://example.com/image_323.jpg,109
user_327,prod_327,Smartphone,Samsung,1,https://example.com/image_327.jpg,353
user_328,prod_328,Printer,Canon,5,https://example.com/image_328.jpg,303
user_330,prod_330,Smartwatch,Bose,1,https://example.com/image_330.jpg,86
user_331,prod_331,Smartphone,Lenovo,5,https://example.com/image_331.jpg,209
user_332,prod_332,Laptop,Asus,3,https://m.media-amazon.com/images/I/81paMeTLvRL._AC_UL320_.jpg,58
user_333,prod_333,Router,HP,3,https://example.com/image_333.jpg,282
user_334,prod_334,Headphone,Dell,3,https://example.com/image_334.jpg,148
user_336,prod_336,Router,Canon,2,https://example.com/image_336.jpg,353
user_337,prod_337,Router,Asus,4,https://example.com/image_337.jpg,257
user_340,prod_340,Printer,Asus,1,https://example.com/image_340.jpg,201
user_342,prod_342,Router,Canon,4,https://example.com/image_342.jpg,169
user_344,prod_344,Router,Sony,1,https://example.com/image_344.jpg,457
user_345,prod_345,Printer,Asus,2,https://example.com/image_345.jpg,165
user_346,prod_346,Printer,Dell,2,https://example.com/image_346.jpg,124
user_347,prod_347,Headphone,Lenovo,3,https://example.com/image_347.jpg,162
user_348,prod_348,Laptop,Lenovo,5,https://example.com/image_348.jpg,469
user_350,prod_350,Router,Apple,5,https://example.com/image_350.jpg,153
user_351,prod_351,Speaker,Canon,4,https://m.media-amazon.com/images/I/81O4L2kIXEL._AC_UY218_.jpg,389
user_352,prod_352,Smartwatch,Canon,3,https://example.com/image_352.jpg,303
user_353,prod_353,Tablet,Sony,3,https://example.com/image_353.jpg,276
user_354,prod_354,Laptop,Samsung,1,https://example.com/image_354.jpg,161
user_355,prod_355,Headphone,LG,1,https://example.com/image_355.jpg,148
user_356,prod_356,Printer,Dell,5,https://example.com/image_356.jpg,202
user_358,prod_358,Smartwatch,LG,5,https://example.com/image_358.jpg,451
user_359,prod_359,Headphone,Lenovo,1,https://example.com/image_359.jpg,433
user_364,prod_364,Smartphone,Dell,4,https://example.com/image_364.jpg,212
user_365,prod_365,Smartphone,Lenovo,4,https://example.com/image_365.jpg,257
user_366,prod_366,Headphone,HP,2,https://example.com/image_366.jpg,494
user_367,prod_367,Tablet,Samsung,4,https://m.media-amazon.com/images/I/71vrRidPzqL._AC_UY218_.jpg,218
user_368,prod_368,Tablet,Apple,2,https://example.com/image_368.jpg,210
user_370,prod_370,Router,Bose,1,https://example.com/image_370.jpg,338
user_371,prod_371,Smartwatch,Asus,3,https://example.com/image_371.jpg,447
user_374,prod_374,Printer,Bose,3,https://example.com/image_374.jpg,453
user_375,prod_375,Smartwatch,Apple,4,https://example.com/image_375.jpg,433
user_376,prod_376,Smartphone,Apple,4,https://example.com/image_376.jpg,441
user_377,prod_377,Television,Samsung,5,https://m.media-amazon.com/images/I/612BF-gPW2L._AC_UY218_.jpg,184
user_378,prod_378,Smartphone,Sony,2,https://example.com/image_378.jpg,244
user_379,prod_379,Headphone,Dell,5,https://example.com/image_379.jpg,450
user_380,prod_380,Headphone,Canon,4,https://example.com/image_380.jpg,177
user_381,prod_381,Smartwatch,Asus,5,https://example.com/image_381.jpg,82
user_382,prod_382,Smartphone,Samsung,5,https://example.com/image_382.jpg,225
user_384,prod_384,Headphone,Asus,4,https://example.com/image_384.jpg,420
user_385,prod_385,Laptop,Sony,5,https://m.media-amazon.com/images/I/71d9neuH4aL._AC_UL320_.jpg,424
user_386,prod_386,Headphone,Lenovo,3,https://example.com/image_386.jpg,71
user_388,prod_388,Camera,Samsung,4,https://m.media-amazon.com/images/I/71aD3TTXxXL._AC_UY218_.jpg,207
user_389,prod_389,Tablet,Dell,4,https://example.com/image_389.jpg,87
user_390,prod_390,Headphone,LG,1,https://example.com/image_390.jpg,279
user_391,prod_391,Camera,Apple,3,https://m.media-amazon.com/images/I/61UzcAYcZmL._AC_UY218_.jpg,414
user_394,prod_394,Tablet,Canon,1,https://example.com/image_394.jpg,313
user_395,prod_395,Headphone,Bose,5,https://example.com/image_395.jpg,332
user_397,prod_397,Speaker,Asus,3,https://m.media-amazon.com/images/I/71fAeaUTNvL._AC_UY218_.jpg,275
user_398,prod_398,Smartwatch,Apple,5,https://example.com/image_398.jpg,326
user_399,prod_399,Smartwatch,Sony,4,https://example.com/image_399.jpg,335
user_400,prod_400,Router,LG,4,https://example.com/image_400.jpg,146
user_401,prod_401,Television,HP,5,https://m.media-amazon.com/images/I/91snjIt0nUL._AC_UY218_.jpg,333
user_402,prod_402,Printer,Dell,2,https://example.com/image_402.jpg,416
user_404,prod_404,Television,Canon,3,https://m.media-amazon.com/images/I/81ylxtsKamL._AC_UY218_.jpg,366
user_405,prod_405,Camera,Asus,5,https://m.media-amazon.com/images/I/51hE89nFHWL._AC_UY218_.jpg,353
user_406,prod_406,Smartwatch,Apple,3,https://example.com/image_406.jpg,196
user_407,prod_407,Smartphone,Canon,2,https://example.com/image_407.jpg,53
user_408,prod_408,Router,LG,2,https://example.com/image_408.jpg,84
user_412,prod_412,Camera,LG,1,https://example.com/image_412.jpg,221
user_413,prod_413,Smartwatch,LG,2,https://example.com/image_413.jpg,269
user_415,prod_415,Headphone,Canon,5,https://example.com/image_415.jpg,95
user_416,prod_416,Camera,HP,2,https://m.media-amazon.com/images/I/51hE89nFHWL._AC_UY218_.jpg,422
user_417,prod_417,Speaker,Canon,5,https://m.media-amazon.com/images/I/81O4L2kIXEL._AC_UY218_.jpg,55
user_419,prod_419,Printer,Asus,2,https://example.com/image_419.jpg,429
user_421,prod_421,Router,Samsung,4,https://example.com/image_421.jpg,86
user_422,prod_422,Router,HP,2,https://example.com/image_422.jpg,329
user_423,prod_423,Smartwatch,HP,5,https://example.com/image_423.jpg,398
user_425,prod_425,Headphone,Lenovo,1,https://example.com/image_425.jpg,230
user_426,prod_426,Camera,Sony,1,https://example.com/image_426.jpg,144
user_427,prod_427,Smartwatch,Sony,4,https://example.com/image_427.jpg,148
user_428,prod_428,Headphone,LG,5,https://example.com/image_428.jpg,237
user_429,prod_429,Tablet,Apple,2,https://example.com/image_429.jpg,165
user_430,prod_430,Smartphone,Dell,5,https://example.com/image_430.jpg,240
user_431,prod_431,Router,Sony,4,https://example.com/image_431.jpg,302
user_432,prod_432,Smartphone,LG,3,https://example.com/image_432.jpg,465
user_435,prod_435,Headphone,Bose,2,https://example.com/image_435.jpg,372
user_437,prod_437,Printer,Bose,4,https://example.com/image_437.jpg,67
user_438,prod_438,Camera,Canon,2,https://m.media-amazon.com/images/I/71AcIKlAzPL._AC_UY218_.jpg,330
user_439,prod_439,Smartwatch,Sony,1,https://example.com/image_439.jpg,272
user_440,prod_440,Printer,HP,3,https://example.com/image_440.jpg,103
user_441,prod_441,Printer,Sony,4,https://example.com/image_441.jpg,107
user_443,prod_443,Router,Lenovo,5,https://example.com/image_443.jpg,409
user_444,prod_444,Printer,Apple,5,https://example.com/image_444.jpg,223
user_445,prod_445,Router,Canon,1,https://example.com/image_445.jpg,329
user_448,prod_448,Television,Dell,5,https://example.com/image_448.jpg,480
user_449,prod_449,Laptop,Asus,1,https://m.media-amazon.com/images/I/71d9neuH4aL._AC_UL320_.jpg,391
user_451,prod_451,Smartwatch,Sony,2,https://example.com/image_451.jpg,499
user_452,prod_452,Tablet,Canon,4,https://m.media-amazon.com/images/I/61QJ3kxQ9OL._AC_UY218_.jpg,176
user_453,prod_453,Printer,LG,3,https://example.com/image_453.jpg,204
user_454,prod_454,Headphone,Lenovo,5,https://example.com/image_454.jpg,435
user_457,prod_457,Printer,Asus,5,https://example.com/image_457.jpg,466
user_458,prod_458,Smartphone,Samsung,1,https://example.com/image_458.jpg,442
user_460,prod_460,Camera,Dell,1,https://m.media-amazon.com/images/I/71AcIKlAzPL._AC_UY218_.jpg,295
user_461,prod_461,Printer,Sony,5,https://example.com/image_461.jpg,225
user_463,prod_463,Smartwatch,Dell,5,https://example.com/image_463.jpg,219
user_464,prod_464,Printer,Lenovo,1,https://example.com/image_464.jpg,296
user_465,prod_465,Smartphone,HP,1,https://example.com/image_465.jpg,75
user_467,prod_467,Printer,HP,3,https://example.com/image_467.jpg,355
user_468,prod_468,Tablet,Dell,5,https://m.media-amazon.com/images/I/61QJ3kxQ9OL._AC_UY218_.jpg,458
user_469,prod_469,Smartwatch,Lenovo,1,https://example.com/image_469.jpg,457
user_470,prod_470,Router,Canon,3,https://example.com/image_470.jpg,62
user_471,prod_471,Router,Sony,3,https://example.com/image_471.jpg,365
user_474,prod_474,Smartphone,Canon,4,https://example.com/image_474.jpg,85
user_475,prod_475,Router,LG,4,https://example.com/image_475.jpg,222
user_478,prod_478,Television,LG,3,https://example.com/image_478.jpg,313
user_479,prod_479,Smartwatch,Lenovo,1,https://example.com/image_479.jpg,449
user_480,prod_480,Television,LG,3,https://m.media-amazon.com/images/I/81ylxtsKamL._AC_UY218_.jpg,191
user_481,prod_481,Printer,Dell,5,https://example.com/image_481.jpg,420
user_485,prod_485,Printer,Dell,5,https://example.com/image_485.jpg,371
user_486,prod_486,Smartphone,Sony,4,https://example.com/image_486.jpg,337
user_487,prod_487,Router,Sony,4,https://example.com/image_487.jpg,264
user_488,prod_488,Smartwatch,Sony,1,https://example.com/image_488.jpg,496
user_489,prod_489,Router,HP,5,https://example.com/image_489.jpg,391
user_490,prod_490,Router,Lenovo,3,https://example.com/image_490.jpg,100
user_491,prod_491,Printer,Samsung,5,https://example.com/image_491.jpg,202
user_492,prod_492,Television,Dell,3,https://m.media-amazon.com/images/I/81ylxtsKamL._AC_UY218_.jpg,235
user_493,prod_493,Camera,Asus,3,https://example.com/image_493.jpg,112
user_494,prod_494,Television,Apple,5,https://m.media-amazon.com/images/I/81pieXC63IL._AC_UY218_.jpg,239
user_495,prod_495,Headphone,LG,1,https://example.com/image_495.jpg,174
user_496,prod_496,Printer,LG,3,https://example.com/image_496.jpg,199
user_497,prod_497,Printer,HP,1,https://example.com/image_497.jpg,363
user_498,prod_498,Television,Samsung,1,https://m.media-amazon.com/images/I/81pieXC63IL._AC_UY218_.jpg,107
user_499,prod_499,Speaker,LG,2,https://m.media-amazon.com/images/I/81O4L2kIXEL._AC_UY218_.jpg,391
user_500,prod_500,Speaker,Samsung,3,https://m.media-amazon.com/images/I/71mBA56JRAL._AC_UY218_.jpg,354
user_501,prod_501,Smartphone,LG,3,https://example.com/image_501.jpg,229
user_502,prod_502,Headphone,Samsung,1,https://example.com/image_502.jpg,219
user_503,prod_503,Smartphone,Canon,3,https://example.com/image_503.jpg,375
user_504,prod_504,Printer,Bose,2,https://example.com/image_504.jpg,320
user_505,prod_505,Television,HP,1,https://example.com/image_505.jpg,103
user_507,prod_507,Router,Samsung,3,https://example.com/image_507.jpg,150
user_509,prod_509,Smartwatch,Apple,5,https://example.com/image_509.jpg,102
user_510,prod_510,Headphone,Bose,4,https://example.com/image_510.jpg,109
user_512,prod_512,Smartwatch,Apple,2,https://example.com/image_512.jpg,54
user_513,prod_513,Camera,Dell,1,https://example.com/image_513.jpg,152
user_515,prod_515,Speaker,HP,4,https://m.media-amazon.com/images/I/71z7wzG3c+L._AC_UY218_.jpg,311
user_516,prod_516,Headphone,Bose,3,https://example.com/image_516.jpg,414
user_517,prod_517,Smartphone,Bose,1,https://example.com/image_517.jpg,421
user_518,prod_518,Printer,HP,3,https://example.com/image_518.jpg,399
user_520,prod_520,Speaker,Asus,1,https://m.media-amazon.com/images/I/71z7wzG3c+L._AC_UY218_.jpg,404
user_521,prod_521,Television,HP,3,https://example.com/image_521.jpg,360
user_522,prod_522,Headphone,Canon,5,https://example.com/image_522.jpg,473
user_524,prod_524,Router,Sony,5,https://example.com/image_524.jpg,193
user_525,prod_525,Speaker,Bose,4,https://m.media-amazon.com/images/I/71z7wzG3c+L._AC_UY218_.jpg,318
user_526,prod_526,Smartwatch,LG,5,https://example.com/image_526.jpg,419
user_528,prod_528,Smartwatch,Dell,5,https://example.com/image_528.jpg,155
user_529,prod_529,Smartwatch,Lenovo,2,https://example.com/image_529.jpg,207
user_530,prod_530,Smartphone,Asus,5,https://example.com/image_530.jpg,196
user_531,prod_531,Router,Canon,3,https://example.com/image_531.jpg,194
user_536,prod_536,Smartwatch,Dell,5,https://example.com/image_536.jpg,107
user_537,prod_537,Smartphone,Samsung,1,https://example.com/image_537.jpg,488
user_538,prod_538,Headphone,Asus,4,https://example.com/image_538.jpg,395
user_541,prod_541,Printer,Asus,4,https://example.com/image_541.jpg,367
user_542,prod_542,Printer,Dell,3,https://example.com/image_542.jpg,328
user_543,prod_543,Camera,LG,2,https://m.media-amazon.com/images/I/71AcIKlAzPL._AC_UY218_.jpg,176
user_544,prod_544,Camera,Canon,5,https://m.media-amazon.com/images/I/51l9ajtA25L._AC_UY218_.jpg,442
user_545,prod_545,Television,LG,5,https://m.media-amazon.com/images/I/813v-tkMN8L._AC_UY218_.jpg,445
user_546,prod_546,Headphone,Samsung,2,https://example.com/image_546.jpg,178
user_549,prod_549,Speaker,LG,3,https://m.media-amazon.com/images/I/61qMO3TS2RL._AC_UY218_.jpg,50
user_550,prod_550,Smartphone,Samsung,5,https://example.com/image_550.jpg,288
user_551,prod_551,Smartphone,HP,1,https://example.com/image_551.jpg,339
user_552,prod_552,Camera,Canon,2,https://example.com/image_552.jpg,145
user_553,prod_553,Headphone,Dell,3,https://example.com/image_553.jpg,175
user_554,prod_554,Printer,Canon,3,https://example.com/image_554.jpg,167

user_557,prod_557,Smartwatch,Canon,1,https://example.com/image_557.jpg,286
user_558,prod_558,Tablet,Asus,4,https://m.media-amazon.com/images/I/71FYh1piTnL._AC_UY218_.jpg,422
user_559,prod_559,Printer,Asus,5,https://example.com/image_559.jpg,434
user_560,prod_560,Printer,Canon,5,https://example.com/image_560.jpg,321
user_561,prod_561,Camera,Bose,4,https://m.media-amazon.com/images/I/51l9ajtA25L._AC_UY218_.jpg,238
user_562,prod_562,Smartwatch,Lenovo,1,https://example.com/image_562.jpg,241
user_563,prod_563,Printer,LG,2,https://example.com/image_563.jpg,496
user_564,prod_564,Smartphone,Dell,3,https://example.com/image_564.jpg,118
user_565,prod_565,Camera,Bose,4,https://m.media-amazon.com/images/I/61aSnPk3IoL._AC_UY218_.jpg,327
user_566,prod_566,Router,Asus,2,https://example.com/image_566.jpg,398
user_567,prod_567,Smartwatch,Dell,3,https://example.com/image_567.jpg,296
user_568,prod_568,Television,Lenovo,5,https://m.media-amazon.com/images/I/71aKkhuMCIL._AC_UY218_.jpg,500
user_569,prod_569,Headphone,Dell,3,https://example.com/image_569.jpg,125
user_571,prod_571,Printer,Sony,3,https://example.com/image_571.jpg,193
user_572,prod_572,Laptop,Samsung,4,https://m.media-amazon.com/images/I/81DOUbpanpL._AC_UL320_.jpg,484
user_573,prod_573,Router,LG,4,https://example.com/image_573.jpg,135
user_574,prod_574,Headphone,Sony,1,https://example.com/image_574.jpg,234
user_575,prod_575,Printer,Bose,1,https://example.com/image_575.jpg,334
user_576,prod_576,Laptop,Lenovo,2,https://m.media-amazon.com/images/I/81DOUbpanpL._AC_UL320_.jpg,269
user_577,prod_577,Router,Bose,3,https://example.com/image_577.jpg,118
user_578,prod_578,Speaker,LG,2,https://m.media-amazon.com/images/I/81O4L2kIXEL._AC_UY218_.jpg,96
user_579,prod_579,Smartwatch,Sony,5,https://example.com/image_579.jpg,143
user_581,prod_581,Smartwatch,HP,5,https://example.com/image_581.jpg,495
user_582,prod_582,Printer,LG,5,https://example.com/image_582.jpg,253
user_583,prod_583,Router,Dell,4,https://example.com/image_583.jpg,449
user_584,prod_584,Camera,HP,3,https://m.media-amazon.com/images/I/61aSnPk3IoL._AC_UY218_.jpg,267
user_586,prod_586,Headphone,Samsung,5,https://example.com/image_586.jpg,390
user_587,prod_587,Headphone,Sony,2,https://example.com/image_587.jpg,88
user_588,prod_588,Printer,HP,2,https://example.com/image_588.jpg,149
user_589,prod_589,Speaker,Lenovo,4,https://m.media-amazon.com/images/I/61qMO3TS2RL._AC_UY218_.jpg,338
user_590,prod_590,Smartphone,Apple,2,https://example.com/image_590.jpg,303
user_591,prod_591,Smartwatch,Samsung,3,https://example.com/image_591.jpg,271
user_592,prod_592,Headphone,Samsung,5,https://example.com/image_592.jpg,406
user_593,prod_593,Headphone,Canon,4,https://example.com/image_593.jpg,72
user_594,prod_594,Smartwatch,Dell,5,https://example.com/image_594.jpg,299
user_595,prod_595,Router,Dell,3,https://example.com/image_595.jpg,59
user_596,prod_596,Printer,LG,2,https://example.com/image_596.jpg,295
user_597,prod_597,Router,Lenovo,2,https://example.com/image_597.jpg,374
user_598,prod_598,Camera,Sony,2,https://example.com/image_598.jpg,149
user_599,prod_599,Headphone,HP,2,https://example.com/image_599.jpg,339
user_600,prod_600,Smartwatch,Asus,2,https://example.com/image_600.jpg,229
user_601,prod_601,Printer,Sony,5,https://example.com/image_601.jpg,272
user_603,prod_603,Printer,Asus,4,https://example.com/image_603.jpg,299
user_605,prod_605,Camera,Dell,1,https://m.media-amazon.com/images/I/71RTbnyXR5L._AC_UY218_.jpg,491
user_606,prod_606,Router,Apple,3,https://example.com/image_606.jpg,145
user_608,prod_608,Smartphone,Samsung,5,https://example.com/image_608.jpg,374
user_611,prod_611,Router,Samsung,1,https://example.com/image_611.jpg,329
user_614,prod_614,Smartphone,LG,4,https://example.com/image_614.jpg,307
user_616,prod_616,Speaker,Samsung,4,https://m.media-amazon.com/images/I/61qMO3TS2RL._AC_UY218_.jpg,209
user_617,prod_617,Router,Sony,3,https://example.com/image_617.jpg,389
user_618,prod_618,Smartphone,Canon,5,https://example.com/image_618.jpg,201
user_619,prod_619,Router,Asus,4,https://example.com/image_619.jpg,445
user_621,prod_621,Router,Bose,5,https://example.com/image_621.jpg,212
user_622,prod_622,Camera,Sony,2,https://m.media-amazon.com/images/I/71KszLOEHML._AC_UY218_.jpg,429
user_623,prod_623,Smartwatch,Samsung,3,https://example.com/image_623.jpg,82
user_624,prod_624,Smartwatch,LG,4,https://example.com/image_624.jpg,466
user_626,prod_626,Printer,Samsung,1,https://example.com/image_626.jpg,228
user_627,prod_627,Router,Sony,4,https://example.com/image_627.jpg,476
user_628,prod_628,Camera,Lenovo,1,https://m.media-amazon.com/images/I/81I4nkIvhfL._AC_UY218_.jpg,150
user_630,prod_630,Router,Canon,5,https://example.com/image_630.jpg,372
user_632,prod_632,Router,Lenovo,2,https://example.com/image_632.jpg,466
user_634,prod_634,Smartwatch,Bose,2,https://example.com/image_634.jpg,379
user_636,prod_636,Smartwatch,Lenovo,4,https://example.com/image_636.jpg,93
user_637,prod_637,Television,HP,1,https://example.com/image_637.jpg,334
user_638,prod_638,Smartwatch,Sony,5,https://example.com/image_638.jpg,446
user_640,prod_640,Headphone,Canon,3,https://example.com/image_640.jpg,144
user_641,prod_641,Speaker,Lenovo,4,https://example.com/image_641.jpg,351
user_643,prod_643,Speaker,Dell,1,https://m.media-amazon.com/images/I/61qMO3TS2RL._AC_UY218_.jpg,302
user_644,prod_644,Router,LG,1,https://example.com/image_644.jpg,291
user_645,prod_645,Tablet,Dell,1,https://example.com/image_645.jpg,84
user_646,prod_646,Speaker,Dell,1,https://m.media-amazon.com/images/I/7163XDeZqiL._AC_UY218_.jpg,264
user_647,prod_647,Headphone,Dell,4,https://example.com/image_647.jpg,386
user_648,prod_648,Camera,Dell,1,https://m.media-amazon.com/images/I/61drkAcYg2L._AC_UY218_.jpg,139
user_649,prod_649,Smartphone,Asus,5,https://example.com/image_649.jpg,313
user_650,prod_650,Router,Apple,5,https://example.com/image_650.jpg,142
user_651,prod_651,Headphone,Apple,5,https://example.com/image_651.jpg,459
user_652,prod_652,Laptop,HP,4,https://m.media-amazon.com/images/I/71BWRFDmzJL._AC_UY218_.jpg,139
user_653,prod_653,Television,Samsung,2,https://example.com/image_653.jpg,467
user_655,prod_655,Camera,Lenovo,4,https://example.com/image_655.jpg,154
user_656,prod_656,Tablet,LG,4,https://example.com/image_656.jpg,440
user_657,prod_657,Printer,Samsung,5,https://example.com/image_657.jpg,245
user_658,prod_658,Headphone,Sony,2,https://example.com/image_658.jpg,363
user_659,prod_659,Router,Canon,4,https://example.com/image_659.jpg,163
user_660,prod_660,Television,Bose,4,https://m.media-amazon.com/images/I/71eUn+ZeFsL._AC_UY218_.jpg,124
user_661,prod_661,Television,Apple,2,https://m.media-amazon.com/images/I/71eUn+ZeFsL._AC_UY218_.jpg,462
user_663,prod_663,Router,Canon,4,https://example.com/image_663.jpg,469
user_664,prod_664,Printer,Lenovo,2,https://example.com/image_664.jpg,266
user_665,prod_665,Smartphone,Samsung,4,https://example.com/image_665.jpg,326
user_666,prod_666,Router,Sony,3,https://example.com/image_666.jpg,298
user_668,prod_668,Television,HP,5,https://m.media-amazon.com/images/I/81wmp2b-ZAL._AC_UY218_.jpg,443
user_670,prod_670,Printer,Lenovo,2,https://example.com/image_670.jpg,457
user_671,prod_671,Smartwatch,Sony,5,https://example.com/image_671.jpg,241
user_673,prod_673,Smartphone,Canon,4,https://example.com/image_673.jpg,226
user_674,prod_674,Smartphone,Dell,3,https://example.com/image_674.jpg,148
user_677,prod_677,Smartwatch,HP,3,https://example.com/image_677.jpg,201
user_678,prod_678,Headphone,Samsung,4,https://example.com/image_678.jpg,200
user_680,prod_680,Smartwatch,Canon,4,https://example.com/image_680.jpg,273
user_682,prod_682,Headphone,Lenovo,3,https://example.com/image_682.jpg,317
user_685,prod_685,Smartwatch,Sony,3,https://example.com/image_685.jpg,62
user_687,prod_687,Headphone,Lenovo,5,https://example.com/image_687.jpg,266
user_688,prod_688,Television,Dell,3,https://m.media-amazon.com/images/I/71BHD0FTqWL._AC_UY218_.jpg,404
user_689,prod_689,Television,Apple,2,https://m.media-amazon.com/images/I/81wmp2b-ZAL._AC_UY218_.jpg,410
user_691,prod_691,Router,Asus,1,https://example.com/image_691.jpg,322
user_693,prod_693,Smartwatch,Samsung,4,https://example.com/image_693.jpg,111
user_694,prod_694,Router,LG,1,https://example.com/image_694.jpg,133
user_695,prod_695,Printer,Sony,2,https://example.com/image_695.jpg,417
user_696,prod_696,Printer,Bose,1,https://example.com/image_696.jpg,266
user_698,prod_698,Headphone,LG,2,https://example.com/image_698.jpg,446
user_702,prod_702,Router,Sony,2,https://example.com/image_702.jpg,149
user_703,prod_703,Headphone,Samsung,3,https://example.com/image_703.jpg,445
user_704,prod_704,Printer,Sony,5,https://example.com/image_704.jpg,494
user_705,prod_705,Router,Bose,2,https://example.com/image_705.jpg,282
user_706,prod_706,Headphone,Sony,2,https://example.com/image_706.jpg,452
user_707,prod_707,Laptop,Samsung,4,https://m.media-amazon.com/images/I/71BWRFDmzJL._AC_UY218_.jpg,125
user_708,prod_708,Smartphone,HP,4,https://example.com/image_708.jpg,314
user_711,prod_711,Headphone,Canon,1,https://example.com/image_711.jpg,272
user_712,prod_712,Smartphone,HP,4,https://example.com/image_712.jpg,433
user_713,prod_713,Printer,LG,3,https://example.com/image_713.jpg,101
user_714,prod_714,Laptop,Apple,4,https://example.com/image_714.jpg,388
user_715,prod_715,Laptop,Canon,1,https://example.com/image_715.jpg,416
user_717,prod_717,Headphone,Bose,3,https://example.com/image_717.jpg,422
user_721,prod_721,Television,Sony,2,https://m.media-amazon.com/images/I/71BHD0FTqWL._AC_UY218_.jpg,74
user_723,prod_723,Printer,Samsung,5,https://example.com/image_723.jpg,428
user_725,prod_725,Router,Asus,3,https://example.com/image_725.jpg,200
user_726,prod_726,Tablet,Sony,1,https://example.com/image_726.jpg,193
user_727,prod_727,Router,Canon,3,https://example.com/image_727.jpg,106
user_728,prod_728,Smartwatch,Lenovo,5,https://example.com/image_728.jpg,88
user_729,prod_729,Smartphone,Canon,1,https://example.com/image_729.jpg,158
user_731,prod_731,Router,HP,4,https://example.com/image_731.jpg,91
user_732,prod_732,Printer,HP,5,https://example.com/image_732.jpg,235
user_734,prod_734,Camera,LG,2,https://m.media-amazon.com/images/I/71JZqNaMNoL._AC_UY218_.jpg,447
user_735,prod_735,Television,Bose,2,https://m.media-amazon.com/images/I/51Q+hNO39kL._AC_UY218_.jpg,272
user_737,prod_737,Laptop,Apple,2,https://m.media-amazon.com/images/I/61aQXL17jBL._AC_UL640_QL65_.jpg,182
user_738,prod_738,Headphone,Apple,4,https://example.com/image_738.jpg,212
user_739,prod_739,Headphone,Asus,5,https://example.com/image_739.jpg,264
user_741,prod_741,Smartphone,Lenovo,2,https://example.com/image_741.jpg,284
user_743,prod_743,Smartphone,Canon,2,https://example.com/image_743.jpg,195
user_745,prod_745,Laptop,Dell,4,https://example.com/image_745.jpg,125
user_747,prod_747,Smartphone,Sony,5,https://example.com/image_747.jpg,123
user_748,prod_748,Printer,Canon,2,https://example.com/image_748.jpg,491
user_749,prod_749,Laptop,Samsung,1,https://example.com/image_749.jpg,450
user_750,prod_750,Smartwatch,HP,2,https://example.com/image_750.jpg,302
user_752,prod_752,Printer,HP,2,https://example.com/image_752.jpg,56
user_754,prod_754,Router,Apple,5,https://example.com/image_754.jpg,190
user_755,prod_755,Headphone,Sony,2,https://example.com/image_755.jpg,217
user_756,prod_756,Smartphone,Asus,2,https://example.com/image_756.jpg,219
user_757,prod_757,Printer,Apple,4,https://example.com/image_757.jpg,442
user_758,prod_758,Headphone,Apple,4,https://example.com/image_758.jpg,483
user_759,prod_759,Printer,Sony,4,https://example.com/image_759.jpg,332
user_760,prod_760,Printer,Canon,2,https://example.com/image_760.jpg,171
user_761,prod_761,Printer,Dell,5,https://example.com/image_761.jpg,243
user_762,prod_762,Television,Asus,5,https://m.media-amazon.com/images/I/51Q+hNO39kL._AC_UY218_.jpg,54
user_763,prod_763,Tablet,Asus,1,https://example.com/image_763.jpg,78
user_764,prod_764,Laptop,Canon,2,https://example.com/image_764.jpg,214
user_765,prod_765,Camera,Apple,1,https://m.media-amazon.com/images/I/71Rj4BITQ3L._AC_UY218_.jpg,471
user_766,prod_766,Printer,Bose,4,https://example.com/image_766.jpg,388
user_767,prod_767,Router,Dell,5,https://example.com/image_767.jpg,185
user_768,prod_768,Television,Bose,2,https://example.com/image_768.jpg,414
user_770,prod_770,Headphone,Dell,2,https://example.com/image_770.jpg,391
user_771,prod_771,Router,Apple,5,https://example.com/image_771.jpg,194
user_772,prod_772,Router,Dell,5,https://example.com/image_772.jpg,376
user_774,prod_774,Television,LG,2,https://m.media-amazon.com/images/I/61XOKgpBN1L._AC_UY218_.jpg,350
user_775,prod_775,Tablet,Apple,4,https://example.com/image_775.jpg,181
user_776,prod_776,Television,Bose,1,https://m.media-amazon.com/images/I/61XOKgpBN1L._AC_UY218_.jpg,341
user_777,prod_777,Smartwatch,Apple,4,https://example.com/image_777.jpg,119
user_778,prod_778,Printer,Dell,3,https://example.com/image_778.jpg,301
user_779,prod_779,Router,Apple,2,https://example.com/image_779.jpg,464
user_780,prod_780,Smartphone,Dell,5,https://example.com/image_780.jpg,324
user_781,prod_781,Television,Samsung,2,https://m.media-amazon.com/images/I/41F107PsHxL._AC_UY218_.jpg,494
user_782,prod_782,Smartwatch,Lenovo,1,https://example.com/image_782.jpg,413
user_783,prod_783,Smartphone,HP,1,https://example.com/image_783.jpg,231
user_784,prod_784,Router,Bose,3,https://example.com/image_784.jpg,216
user_785,prod_785,Router,LG,1,https://example.com/image_785.jpg,140
user_787,prod_787,Smartwatch,Dell,3,https://example.com/image_787.jpg,395
user_788,prod_788,Printer,Samsung,1,https://example.com/image_788.jpg,68
user_789,prod_789,Television,Asus,5,https://example.com/image_789.jpg,88
user_790,prod_790,Smartwatch,Bose,2,https://example.com/image_790.jpg,175
user_791,prod_791,Television,Asus,1,https://example.com/image_791.jpg,500
user_793,prod_793,Smartwatch,Lenovo,3,https://example.com/image_793.jpg,190
user_794,prod_794,Headphone,Sony,1,https://example.com/image_794.jpg,291
user_796,prod_796,Smartwatch,Dell,2,https://example.com/image_796.jpg,175
user_797,prod_797,Television,Bose,1,https://m.media-amazon.com/images/I/41F107PsHxL._AC_UY218_.jpg,107
user_798,prod_798,Tablet,Bose,3,https://m.media-amazon.com/images/I/71FYh1piTnL._AC_UY218_.jpg,197
user_800,prod_800,Printer,Sony,5,https://example.com/image_800.jpg,432
user_801,prod_801,Headphone,HP,3,https://example.com/image_801.jpg,410
user_802,prod_802,Smartwatch,Apple,1,https://example.com/image_802.jpg,472
user_803,prod_803,Router,Samsung,3,https://example.com/image_803.jpg,50
user_804,prod_804,Router,LG,1,https://example.com/image_804.jpg,436
user_805,prod_805,Television,Canon,3,https://example.com/image_805.jpg,397
user_807,prod_807,Printer,Samsung,2,https://example.com/image_807.jpg,240
user_810,prod_810,Smartwatch,Samsung,1,https://example.com/image_810.jpg,361
user_811,prod_811,Router,Dell,2,https://example.com/image_811.jpg,466
user_814,prod_814,Smartwatch,HP,1,https://example.com/image_814.jpg,183
user_815,prod_815,Tablet,LG,4,https://m.media-amazon.com/images/I/71tmsiU+CML._AC_UY218_.jpg,107
user_817,prod_817,Television,HP,1,https://m.media-amazon.com/images/I/41F107PsHxL._AC_UY218_.jpg,222
user_818,prod_818,Smartphone,Lenovo,4,https://example.com/image_818.jpg,209
user_822,prod_822,Smartwatch,Dell,1,https://example.com/image_822.jpg,198
user_824,prod_824,Printer,Lenovo,1,https://example.com/image_824.jpg,423
user_825,prod_825,Smartwatch,Bose,1,https://example.com/image_825.jpg,262
user_826,prod_826,Smartwatch,Apple,2,https://example.com/image_826.jpg,252
user_827,prod_827,Headphone,Dell,3,https://example.com/image_827.jpg,301
user_828,prod_828,Router,Bose,2,https://example.com/image_828.jpg,278
user_829,prod_829,Router,Samsung,5,https://example.com/image_829.jpg,213
user_830,prod_830,Smartphone,LG,5,https://example.com/image_830.jpg,276
user_831,prod_831,Laptop,HP,1,https://m.media-amazon.com/images/I/61aQXL17jBL._AC_UL640_QL65_.jpg,196
user_832,prod_832,Router,Sony,5,https://example.com/image_832.jpg,69
user_833,prod_833,Printer,Sony,1,https://example.com/image_833.jpg,490
user_834,prod_834,Printer,Dell,2,https://example.com/image_834.jpg,451
user_835,prod_835,Laptop,Sony,2,https://m.media-amazon.com/images/I/71H+I+fDYvL._AC_UY218_.jpg,96
user_836,prod_836,Smartphone,LG,5,https://example.com/image_836.jpg,282
user_837,prod_837,Laptop,Dell,4,https://example.com/image_837.jpg,354
user_838,prod_838,Smartphone,HP,4,https://example.com/image_838.jpg,63
user_839,prod_839,Printer,Bose,1,https://example.com/image_839.jpg,192
user_841,prod_841,Smartwatch,Bose,2,https://example.com/image_841.jpg,50
user_844,prod_844,Smartphone,Sony,5,https://example.com/image_844.jpg,423
user_847,prod_847,Printer,Bose,4,https://example.com/image_847.jpg,490
user_848,prod_848,Smartwatch,HP,3,https://example.com/image_848.jpg,61
user_849,prod_849,Printer,Lenovo,5,https://example.com/image_849.jpg,379
user_850,prod_850,Smartphone,Apple,1,https://example.com/image_850.jpg,273
user_851,prod_851,Printer,LG,1,https://example.com/image_851.jpg,321
user_854,prod_854,Speaker,Canon,1,https://m.media-amazon.com/images/I/81O4L2kIXEL._AC_UY218_.jpg,205
user_855,prod_855,Tablet,Samsung,2,https://example.com/image_855.jpg,422
user_856,prod_856,Smartwatch,Lenovo,2,https://example.com/image_856.jpg,57
user_858,prod_858,Tablet,Lenovo,1,https://example.com/image_858.jpg,397
user_860,prod_860,Headphone,Lenovo,2,https://example.com/image_860.jpg,139
user_861,prod_861,Smartwatch,Dell,2,https://example.com/image_861.jpg,185
user_862,prod_862,Printer,Apple,3,https://example.com/image_862.jpg,235
user_863,prod_863,Printer,LG,1,https://example.com/image_863.jpg,365
user_864,prod_864,Router,Lenovo,5,https://example.com/image_864.jpg,227
user_865,prod_865,Smartphone,Lenovo,2,https://example.com/image_865.jpg,77
user_867,prod_867,Printer,LG,1,https://example.com/image_867.jpg,406
user_869,prod_869,Router,Apple,1,https://example.com/image_869.jpg,277
user_870,prod_870,Headphone,Sony,3,https://example.com/image_870.jpg,241
user_872,prod_872,Smartwatch,Bose,2,https://example.com/image_872.jpg,496
user_874,prod_874,Headphone,Sony,1,https://example.com/image_874.jpg,250
user_875,prod_875,Tablet,Sony,2,https://m.media-amazon.com/images/I/612hGXRm-3L._AC_UL640_QL65_.jpg,466
user_876,prod_876,Router,Bose,2,https://example.com/image_876.jpg,261
user_877,prod_877,Smartphone,LG,1,https://example.com/image_877.jpg,269
user_878,prod_878,Camera,Sony,4,https://m.media-amazon.com/images/I/71Rj4BITQ3L._AC_UY218_.jpg,289
user_879,prod_879,Television,HP,1,https://example.com/image_879.jpg,462
user_881,prod_881,Smartphone,Apple,2,https://example.com/image_881.jpg,95
user_883,prod_883,Speaker,Canon,4,https://m.media-amazon.com/images/I/81O4L2kIXEL._AC_UY218_.jpg,302
user_884,prod_884,Smartwatch,Asus,4,https://example.com/image_884.jpg,439
user_885,prod_885,Smartphone,Dell,2,https://example.com/image_885.jpg,131
user_886,prod_886,Smartphone,Apple,5,https://example.com/image_886.jpg,420
user_887,prod_887,Printer,LG,1,https://example.com/image_887.jpg,305
user_889,prod_889,Router,HP,4,https://example.com/image_889.jpg,352
user_890,prod_890,Printer,Sony,5,https://example.com/image_890.jpg,458
user_891,prod_891,Headphone,Asus,2,https://example.com/image_891.jpg,499
user_892,prod_892,Speaker,Canon,4,https://m.media-amazon.com/images/I/81O4L2kIXEL._AC_UY218_.jpg,59
user_893,prod_893,Smartwatch,LG,5,https://example.com/image_893.jpg,361
user_898,prod_898,Speaker,Bose,3,https://m.media-amazon.com/images/I/7163XDeZqiL._AC_UY218_.jpg,54
user_899,prod_899,Camera,LG,2,https://m.media-amazon.com/images/I/71SgxgYrpUL._AC_UY218_.jpg,168
user_900,prod_900,Headphone,Lenovo,3,https://example.com/image_900.jpg,338
user_901,prod_901,Smartwatch,HP,2,https://example.com/image_901.jpg,423
user_903,prod_903,Router,Apple,3,https://example.com/image_903.jpg,195
user_904,prod_904,Headphone,LG,2,https://example.com/image_904.jpg,273
user_906,prod_906,Smartwatch,Sony,1,https://example.com/image_906.jpg,226
user_907,prod_907,Smartphone,Bose,3,https://example.com/image_907.jpg,316
user_909,prod_909,Printer,Sony,2,https://example.com/image_909.jpg,331
user_912,prod_912,Printer,Asus,1,https://example.com/image_912.jpg,391
user_914,prod_914,Laptop,Sony,4,https://m.media-amazon.com/images/I/71H+I+fDYvL._AC_UY218_.jpg,332
user_915,prod_915,Headphone,Lenovo,4,https://example.com/image_915.jpg,226
user_918,prod_918,Laptop,Bose,4,https://example.com/image_918.jpg,154
user_920,prod_920,Router,HP,1,https://example.com/image_920.jpg,434
user_921,prod_921,Printer,HP,5,https://example.com/image_921.jpg,454
user_923,prod_923,Camera,LG,1,https://example.com/image_923.jpg,55
user_924,prod_924,Printer,Apple,3,https://example.com/image_924.jpg,246
user_926,prod_926,Smartwatch,LG,4,https://example.com/image_926.jpg,182
user_927,prod_927,Headphone,Asus,5,https://example.com/image_927.jpg,407
user_928,prod_928,Printer,Sony,1,https://example.com/image_928.jpg,308
user_929,prod_929,Smartwatch,Apple,3,https://example.com/image_929.jpg,486
user_930,prod_930,Laptop,HP,5,https://m.media-amazon.com/images/I/71H+I+fDYvL._AC_UY218_.jpg,72
user_932,prod_932,Camera,Samsung,1,https://example.com/image_932.jpg,214
user_933,prod_933,Headphone,Canon,2,https://example.com/image_933.jpg,251
user_934,prod_934,Tablet,Bose,3,https://m.media-amazon.com/images/I/71FYh1piTnL._AC_UY218_.jpg,132
user_935,prod_935,Smartphone,HP,5,https://example.com/image_935.jpg,194
user_936,prod_936,Camera,Dell,4,https://example.com/image_936.jpg,134
user_937,prod_937,Headphone,Apple,5,https://example.com/image_937.jpg,127
user_938,prod_938,Printer,Canon,4,https://example.com/image_938.jpg,415
user_939,prod_939,Speaker,Bose,2,https://m.media-amazon.com/images/I/81O4L2kIXEL._AC_UY218_.jpg,50
user_940,prod_940,Laptop,HP,5,https://example.com/image_940.jpg,100
user_941,prod_941,Printer,Sony,1,https://example.com/image_941.jpg,222
user_942,prod_942,Speaker,Sony,1,https://m.media-amazon.com/images/I/7163XDeZqiL._AC_UY218_.jpg,254
user_943,prod_943,Headphone,LG,3,https://example.com/image_943.jpg,309
user_945,prod_945,Headphone,Asus,3,https://example.com/image_945.jpg,498
user_946,prod_946,Headphone,Dell,2,https://example.com/image_946.jpg,418
user_947,prod_947,Headphone,Sony,5,https://example.com/image_947.jpg,337
user_948,prod_948,Headphone,LG,2,https://example.com/image_948.jpg,83
user_949,prod_949,Smartwatch,Bose,3,https://example.com/image_949.jpg,397
user_950,prod_950,Router,Lenovo,5,https://example.com/image_950.jpg,144
user_951,prod_951,Router,Asus,2,https://example.com/image_951.jpg,121
user_952,prod_952,Router,HP,1,https://example.com/image_952.jpg,88
user_953,prod_953,Router,HP,1,https://example.com/image_953.jpg,203
user_954,prod_954,Router,Bose,5,https://example.com/image_954.jpg,299
user_955,prod_955,Headphone,Canon,4,https://example.com/image_955.jpg,211
user_956,prod_956,Headphone,Apple,5,https://example.com/image_956.jpg,487
user_958,prod_958,Smartwatch,Apple,2,https://example.com/image_958.jpg,308
user_960,prod_960,Headphone,Lenovo,5,https://example.com/image_960.jpg,355
user_961,prod_961,Printer,Apple,4,https://example.com/image_961.jpg,317
user_962,prod_962,Laptop,Canon,3,https://m.media-amazon.com/images/I/71NxoM8RlsL._AC_UL640_QL65_.jpg,498
user_964,prod_964,Speaker,Lenovo,3,https://m.media-amazon.com/images/I/61TbugdYuUL._AC_UY218_.jpg,285
user_968,prod_968,Smartwatch,Apple,2,https://example.com/image_968.jpg,362
user_969,prod_969,Smartwatch,Sony,2,https://example.com/image_969.jpg,450
user_972,prod_972,Speaker,Canon,5,https://m.media-amazon.com/images/I/61TbugdYuUL._AC_UY218_.jpg,352
user_973,prod_973,Camera,Asus,2,https://example.com/image_973.jpg,456
user_974,prod_974,Tablet,HP,3,https://m.media-amazon.com/images/I/612hGXRm-3L._AC_UL640_QL65_.jpg,256
user_975,prod_975,Smartwatch,Canon,4,https://example.com/image_975.jpg,278
user_976,prod_976,Headphone,Asus,4,https://example.com/image_976.jpg,390
user_977,prod_977,Headphone,HP,1,https://example.com/image_977.jpg,447
user_980,prod_980,Smartwatch,Dell,4,https://example.com/image_980.jpg,484
user_981,prod_981,Speaker,Asus,4,https://m.media-amazon.com/images/I/71u2xAtTPQL._AC_UY218_.jpg,152
user_982,prod_982,Speaker,Lenovo,1,https://m.media-amazon.com/images/I/71WbvaRp9PL._AC_UY218_.jpg,471
user_983,prod_983,Television,HP,1,https://m.media-amazon.com/images/I/71M6STbqG5L._AC_UY218_.jpg,241
user_984,prod_984,Printer,Canon,5,https://example.com/image_984.jpg,301
user_985,prod_985,Headphone,Asus,4,https://example.com/image_985.jpg,275
user_987,prod_987,Smartwatch,Lenovo,1,https://example.com/image_987.jpg,355
user_988,prod_988,Smartphone,Samsung,4,https://example.com/image_988.jpg,147
user_991,prod_991,Smartwatch,HP,2,https://example.com/image_991.jpg,384
user_992,prod_992,Smartwatch,Bose,1,https://example.com/image_992.jpg,396
user_994,prod_994,Router,Sony,4,https://example.com/image_994.jpg,496
user_995,prod_995,Printer,Asus,3,https://example.com/image_995.jpg,357
user_996,prod_996,Smartwatch,Lenovo,3,https://example.com/image_996.jpg,298
user_997,prod_997,Television,Dell,2,https://m.media-amazon.com/images/I/71M6STbqG5L._AC_UY218_.jpg,215
user_1001,prod_1001,Headphone,Canon,4,https://example.com/image_1001.jpg,155
user_1002,prod_1002,Speaker,HP,3,https://m.media-amazon.com/images/I/71NwDzr2-PL._AC_UY218_.jpg,100
user_1003,prod_1003,Television,Lenovo,5,https://example.com/image_1003.jpg,130
user_1004,prod_1004,Printer,Lenovo,2,https://example.com/image_1004.jpg,182
user_1005,prod_1005,Television,LG,5,https://m.media-amazon.com/images/I/71M6STbqG5L._AC_UY218_.jpg,334
user_1006,prod_1006,Smartphone,Apple,1,https://example.com/image_1006.jpg,437



